id,type,temps_pujada,temps_baixada
1,MEBB,4711.6151234507215,1273.381863735375
2,MEMB,4186.287716420411,2253.426079404688
3,BEBB,3157.132620985158,1439.278631714221
4,BEMB,3355.2102180827214,2254.707175699116
5,MEMB,4136.913325108716,2064.6100839848973
6,BEMB,3006.112146614685,2279.6718324068665
7,BEBB,2925.9380294919774,1469.9340485822595
8,MEBB,3822.6772999231357,1244.4730446973474
9,MEBB,3929.692174218624,1561.5751042095203
10,BEMB,3258.8247113368275,2007.79970120835
